train_step,eval_reward
10000,0.3273658886788662
20000,0.48596733788473856
30000,0.5815551505047986
40000,0.6797200922710439
50000,0.7731092738286898
60000,0.8173625188821082
70000,0.8173743385428992
80000,0.85227567908096
90000,0.8651580856381095
100000,0.8810729245302994
110000,0.8533511834086284
120000,0.8688381588509237
130000,0.8806465049521407
140000,0.8436805560916035
150000,0.8676968670528686
160000,0.8693548644140237
170000,0.877583599679961
180000,0.8703347363513565
