train_step,eval_reward
10000,0.4551954919666911
20000,0.5469148467145238
30000,0.5196790987909291
40000,0.5963416376726842
50000,0.5774146183070473
60000,0.6245080219202883
70000,0.6661988010252615
